id,water,uv,area,fertilizer_usage,yield,pesticides,region,categories
169,5.615,65.281,3.23,0,7.977,8.969,0,"b,a,c"
476,7.044,73.319,9.081,0,23.009,7.197,0,"c,a,d"
152,5.607,60.038,2.864,2,23.019,7.424,0,"d,a"
293,9.346,64.719,2.797,2,28.066,1.256,0,d
10,7.969,,5.407,1,29.14,0.274,0,"c,d"
564,5.92,78.735,5.245,2,29.507,1.136,0,b
941,9.07,71.769,4.13,2,29.673,2.075,0,"b,c,a,d"
303,,77.619,6.824,1,30.967,1.497,0,"a,c,b,d"
165,11.482,65.269,2.798,4,31.438,2.334,0,"c,b"
351,3.819,66.138,6.259,0,32.389,0.948,0,"d,b,c"
528,4.259,,4.088,4,35.516,0.739,0,"b,c,a"
256,7.097,70.294,4.209,3,36.232,1.771,0,"b,c"
33,8.113,85.449,4.057,3,36.945,1.679,0,"d,a"
518,6.11,89.28,7.367,1,37.244,0.321,0,"c,b,d"
939,6.609,106.31,7.918,0,37.575,1.805,0,"c,a"
18,,77.431,6.779,0,38.773,4.901,0,"b,d,a"
952,,70.481,6.898,0,39.184,5.035,0,"c,a,b,d"
747,8.132,90.752,6.991,0,39.963,5.793,0,"d,a,b"
920,4.381,68.231,6.344,0,40.603,5.276,0,"b,c,a"
479,4.217,64.047,6.504,1,41.139,0.913,0,"b,c,a,d"
338,3.472,,5.474,1,43.149,4.316,0,"a,d"
437,6.628,75.638,9.898,0,43.647,5.098,0,b
852,3.912,83.25,6.006,3,44.038,1.22,0,"b,a"
521,8.941,65.217,3.326,3,44.237,4.75,0,d
828,7.455,85.167,5.555,3,46.624,2.55,0,"b,c,d,a"
281,8.189,88.427,9.366,1,49.111,1.052,0,c
343,5.141,75.315,5.833,1,50.17,2.458,0,c
896,4.805,59.935,7.387,1,51.395,5.023,0,"b,c,a"
417,4.01,68.326,8.38,3,52.876,0.336,0,"b,d,c"
597,8.711,51.016,6.064,3,53.135,0.383,0,"c,a"
562,2.082,,6.546,3,57.877,3.302,0,a
49,0.104,80.462,7.528,1,60.104,4.054,0,"c,a"
559,5.359,71.02,7.162,2,60.974,3.021,0,"c,a,d,b"
62,10.274,64.257,5.407,2,61.041,1.817,0,"c,a"
980,5.646,77.573,7.867,2,61.103,2.247,0,b
754,5.444,86.768,10.805,2,61.33,7.006,0,c
586,5340,91.224,8.429,2,67.321,2.933,0,"c,a"
77,2.943,72.097,9.674,2,68.136,2.139,0,d
333,4.968,68.927,9.665,2,68.254,2.305,0,"c,b,d,a"
45,,82.678,9.107,2,68.502,0.239,0,"d,b"
424,7.043,73.78,8.059,2,68.626,3.606,0,"b,a"
433,6.434,,7.105,3,69.169,3.756,0,"b,d,c"
121,11.243,72.49,6.011,4,69.878,2.578,0,"b,c"
239,8.899,83.001,10.3,2,71.446,6.443,0,"a,c,b,d"
771,9.827,63.155,6.066,1,71.577,5.25,0,a
26,6.602,56.941,9.59,2,71.716,2.233,0,"c,b"
880,4.17,81.742,9.809,1,74.992,3.655,0,a
264,4.49,68.274,9.971,1,78.114,3.975,0,"b,d,c,a"
885,8.482,54.953,7.693,4,78.854,1.379,0,"c,b"
226,6.105,64.557,7.052,3,80.942,4.844,0,"a,c,d,b"
313,5.35,88.698,10.869,1,81.477,3.718,0,"b,a,d"
428,9.434,52.133,9.54,1,84.861,3.975,0,"c,b,a"
757,5.884,85.235,8.62,3,85.421,3.557,0,"b,c"
859,9.29,73.866,7.882,4,96.316,3.085,0,"c,b,d"
963,6.078,79.158,7.628,4,96.624,4.41,0,"d,b"
312,,73.67,9.928,4,100.215,6.923,0,d
204,3.677,78.561,11.493,3,109.148,4.98,0,c
13,9.857,64.774,7.718,4,109.848,3.6,0,d
644,8.203,72.973,8.351,5,111.401,4.478,0,b
511,6.576,75.192,4.354,0,15.557,1.533,1,b
764,5.491,92.006,3.878,0,17.272,0.767,1,"b,c,d"
506,7.277,94.914,4.759,0,24.625,2.983,1,"b,c,d"
205,2.289,77.891,9.704,0,26.224,0.034,1,"c,a,b"
308,1.881,,7.268,0,27.604,6.628,1,"d,c,b"
650,2.692,69.424,4.042,3,27.839,7.256,1,c
629,5.928,78.282,4.071,0,27.857,3.978,1,"b,c"
168,2.005,76.857,5.211,2,30.041,7.108,1,a
826,2.014,75.628,4.474,0,30.805,5.948,1,"b,c"
944,4.532,73.021,8.283,1,30.988,0.739,1,b
684,5.59,73.905,6.453,1,32.573,0.986,1,"b,d"
783,7.235,84.569,6.325,3,32.748,8.992,1,"c,b,d"
128,3.284,94.273,8.42,1,33.206,0.901,1,"d,b,c"
627,10.647,74.201,4.116,3,34.399,0.249,1,"d,a,c,b"
903,7.379,72.252,6.788,2,35.202,0.627,1,c
669,8.339,91.04,6.047,2,35.957,0.951,1,b
743,3.634,66.373,9.477,0,37.128,6.338,1,"a,c"
163,,64.624,3.077,3,38.078,2.273,1,"c,a"
488,4.328,82.994,8.301,1,38.58,1.659,1,"c,a,d"
329,2.809,70.072,7.388,1,38.599,1.194,1,c
212,7.031,68.481,6.07,2,38.915,1.191,1,"b,a"
863,4.67,65.325,6.819,0,39.212,6.593,1,"b,c"
808,8.758,,3.586,3,39.678,0.842,1,a
260,8.154,86.381,7.764,0,40.454,4.88,1,"b,d,c"
213,2.009,66.537,8.101,0,40.465,3.71,1,"b,c,a"
798,3.303,66.695,8.029,0,41.437,6.328,1,c
725,8.97,60.699,4.736,1,41.57,0.593,1,a
765,3.994,69.151,5.931,1,41.946,3.764,1,c
810,7.719,73.422,7.201,0,42.193,3.446,1,d
947,7.79,68.066,9.254,1,42.932,7.353,1,"c,a,d"
876,3.901,75.747,5.6,1,43.3,3.969,1,"b,d,c,a"
259,7.461,93.398,4.676,3,43.32,3.18,1,"b,c,a"
167,8.278,79.21,8.254,2,43.322,8.002,1,"b,c,d"
881,7.14,79.603,8.028,0,44.138,2.56,1,a
656,5.331,66.502,5.859,2,44.992,4.744,1,c
415,5.464,85.867,5.479,2,45.01,3.641,1,"c,b,a"
388,4.534,76.14,8.055,1,45.025,6.718,1,"d,a"
297,3.575,60.384,8.735,1,45.403,1.142,1,c
97,2.803,80.21,4.983,4,46.165,1.241,1,"b,a,d,c"
141,2.447,,8.039,0,46.293,1.964,1,c
897,7.287,65.089,7.748,0,47.079,1.949,1,"b,c,d"
545,,66.94,10.018,2,47.698,8.269,1,"b,d,a"
672,4.488,83.678,8.211,1,47.713,2.302,1,"d,b"
628,8.569,75.087,3.869,5,47.962,5.678,1,"d,c,a"
190,1.474,54.196,5.473,3,48.216,2.722,1,"b,c,a,d"
280,0.537,72.863,10.349,1,48.787,0.824,1,"c,d,a"
844,5.277,,5.618,3,49.582,2.761,1,b
584,5.748,77.293,7.908,0,49.857,3.208,1,b
923,12.365,86.836,8.337,2,50.201,8.538,1,d
583,7.696,90.703,8.903,1,50.247,1.941,1,"b,c"
324,9.013,59.391,3.804,4,50.729,2.373,1,"a,b"
146,10.074,62.921,4.007,3,50.982,2.85,1,a
406,6.483,67.668,6.889,0,51.024,3.469,1,"a,c,b,d"
423,4.041,71.244,6.388,1,51.494,3.778,1,b
508,6.07,64.494,6.947,0,51.818,4.551,1,"c,b,d,a"
189,6.923,65.294,6.301,4,52.202,0.44,1,"d,c"
403,9.108,,4.986,2,52.428,1.503,1,a
336,0.842,80.154,6.619,1,52.916,3.406,1,b
285,12.677,59.283,6.493,1,53.931,2.098,1,"d,c,b"
441,5.651,87.526,8.646,1,54.42,5.452,1,"d,b"
350,7.378,77.629,9.309,1,54.844,6.153,1,"c,a,b"
76,11.35,64.436,5.117,1,54.986,5.473,1,a
607,10.93,76.108,4.487,5,55.399,5.709,1,"d,b,c"
816,5.886,82.397,8.322,1,56.456,5.502,1,b
643,2.756,70.307,6.495,2,56.732,4.137,1,"b,a,c"
707,9.804,83.158,6.693,1,57.303,2.566,1,"c,a"
46,11.531,80.119,5.937,4,57.662,0.477,1,"d,b,a,c"
364,,90.728,9.73,2,57.755,6.689,1,"b,a,c"
8,9.857,61.683,5.24,1,57.811,5.09,1,a
195,7.228,73.033,6.907,1,57.935,4.603,1,"a,c,d"
400,9.753,,5.449,4,59.169,1.945,1,"a,d,b"
846,11.305,91.337,8.797,3,59.186,9.532,1,d
786,4.972,97.61,8.407,0,59.654,4.801,1,"a,d,b"
729,3.104,64.944,7.614,2,59.673,2.381,1,"d,a,c"
379,8.157,91.237,6.219,4,59.741,6.283,1,"b,d,c"
505,11.272,82.494,6.207,3,60.075,6.346,1,"a,b,c"
322,5.091,71.869,7.333,3,60.631,6.69,1,"c,a,d"
93,2.165,75.755,6.857,0,61.07,3.863,1,"b,d"
151,7.667,67.442,6.859,3,61.326,1.76,1,"d,c,a"
909,8.597,69.929,8.615,1,62.41,4.482,1,"b,d,c"
927,5.312,65.494,5.537,3,62.844,4.028,1,a
334,13.468,78.352,5.085,4,63.186,3.596,1,"a,b,c"
206,4.89,82.063,8.025,1,63.378,4.616,1,c
2,9.731,78.506,7.189,1,63.391,2.455,1,d
877,6.701,66.803,8.3,1,64.009,2.043,1,"b,d,a"
900,5.01,59.366,8.267,0,64.58,2.889,1,"c,a"
537,6.731,93.95,5.869,3,64.845,3.329,1,d
523,5.941,65.518,5.343,5,64.947,3.231,1,"c,b,d"
529,6.851,73.188,9.643,2,65.538,2.302,1,b
657,3.826,,9.907,2,66.036,6.607,1,"d,b"
99,10.493,78.034,6.068,3,66.599,2.982,1,b
986,6.917,57.437,9.196,0,67.819,3.705,1,d
86,,98.031,8.177,3,68.304,0.585,1,b
634,9.911,57.726,6.506,4,68.685,1.475,1,d
708,5.265,78.051,8.313,1,68.985,3.782,1,"b,c,a,d"
527,6.858,63.495,9.478,3,69.4,1.499,1,"c,b"
131,9.406,72.626,7.076,4,70.959,1.038,1,a
444,8.437,76.461,6.741,4,71.185,6.077,1,"d,c,b"
375,8.268,67.417,6.586,4,72.368,5.112,1,"c,b,d,a"
287,9.208,66.085,5.994,2,72.525,3.215,1,a
89,4.064,81.622,7.495,3,72.568,3.344,1,"c,b"
377,5.981,76.375,9.254,1,73.22,4.249,1,"c,a,d"
840,2.961,79.698,10.628,1,73.44,3.126,1,"c,a"
475,11.465,77.541,6.846,3,73.74,5.27,1,"b,c"
272,7.991,74.773,6.829,5,74.085,0.969,1,"c,b,d"
96,12.114,83.764,7.389,5,74.554,0.343,1,"d,b,c,a"
193,7.968,70.425,6.518,5,74.873,1.715,1,"d,b,c"
815,5.089,58.062,10.496,0,74.895,2.957,1,"c,d"
494,5.287,85.363,8.302,3,75.17,4.81,1,c
961,7.514,76.65,5.88,4,75.178,4.04,1,d
713,,79.849,9.349,3,76.062,2.464,1,c
566,6.18,64.633,7.535,3,76.686,3.907,1,"c,a"
453,5.015,94.309,12.077,0,77.513,5.119,1,c
603,2.669,94.873,10.003,2,79.743,2.9,1,"c,a,d"
633,5.177,88.735,11.153,2,79.968,2.675,1,"b,c,d,a"
998,9.158,79.257,9.011,2,80.399,5.968,1,"d,c,b,a"
835,8.9,71.592,8.912,1,81.532,3.393,1,"a,c,b"
534,7.622,73.944,8.813,2,81.939,2.3,1,"d,a,b"
443,11.466,,7.093,4,81.984,3.628,1,c
115,7.6,73.851,6.85,4,82.601,3.106,1,"a,c,b,d"
217,7.031,74.157,10.593,2,82.919,1.725,1,"d,a,b,c"
447,9.838,64.719,6.553,4,84.289,1.949,1,d
867,4.871,65.021,7.123,4,85.681,3.873,1,"b,a,c,d"
594,15.214,66.904,8.438,3,86.742,1.91,1,"a,b,c,d"
882,11.258,87.952,8.702,3,88.469,2.227,1,"c,b"
958,10.685,75.248,6.52,5,88.759,3.672,1,d
791,3.221,62.36,9.601,3,90.212,3.347,1,"c,b"
383,6.547,90.496,10.5,3,90.571,2.604,1,"c,a"
230,7.864,71.261,6.951,5,90.602,5.128,1,a
69,6.525,95.81,7.96,4,92.918,3.043,1,"a,b,c"
525,10.836,88.44,8.894,3,94.181,5.287,1,"d,b"
964,6.667,63.774,10.14,2,95.717,2.448,1,"a,d,b"
315,6.372,74.139,8.144,4,97.364,2.854,1,"a,c,b"
814,,70.418,10.009,4,99.13,7.306,1,"b,a,c,d"
665,10.267,61.537,7.954,3,103.774,2.935,1,d
386,8.714,81.117,9.656,5,104.641,0.94,1,"d,b,a"
696,1.339,79.693,11.448,3,106.153,2.879,1,d
536,9.403,68.497,8.624,2,108.664,3.323,1,d
558,10.287,75.498,10.322,3,108.961,5.515,1,"d,b,c,a"
133,9.645,81.796,10.121,2,111.371,4.055,1,"d,a"
484,6.436,63.881,8.915,5,111.891,4.505,1,"d,a,b"
294,9.194,93.316,10.684,5,117.117,6.794,1,"a,c,b"
916,7.514,99.142,10.335,4,129.108,3.345,1,"b,d"
185,9.154,69.117,0.263,4,2.843,2.684,2,"d,b,a"
588,4.86,70.15,0.653,3,5.998,6.092,2,"d,a,c"
50,6.262,,6.572,0,11.371,7.707,2,"c,d"
984,3.966,78.208,7.915,0,11.55,0.16,2,"b,a"
153,5.362,68.859,1.716,1,11.726,2.417,2,"b,c,a,d"
393,8.194,59.687,1.262,2,12.091,4.361,2,"b,c,a"
907,2.903,58.439,5.837,0,14.259,0.944,2,c
499,5.051,60.051,6.351,0,14.657,0.239,2,c
22,,63.116,1.87,4,14.693,0.071,2,"d,c"
307,5.613,67.685,1.497,3,15.607,3.712,2,"c,b,d"
317,6.225,71.647,1.897,2,16.298,2.903,2,"c,d"
3,10.995,69.248,1.738,3,17.984,0.603,2,a
921,7.634,89.935,7.092,0,18.405,0.117,2,b
871,3.473,69.914,1.788,4,18.622,5.588,2,"b,c,a"
847,5.804,78.938,5.777,0,19.131,1.622,2,b
215,5.436,70.144,6.521,0,19.73,0.667,2,"c,d,b"
609,8.067,71.206,3.523,1,20.605,0.529,2,"c,b,a"
236,6.351,59.387,5.438,1,21.142,7.979,2,"a,c,b,d"
746,6.432,70.144,5.895,0,21.328,0.679,2,"c,b,d"
420,3.242,64.165,5.716,1,22.273,0.462,2,"c,a"
766,4.002,58.569,3.213,2,22.288,1.871,2,d
775,10.859,64.828,2.187,2,22.624,1.378,2,"a,d"
793,6.27,76.909,6.907,0,23.74,5.705,2,"d,b,c"
561,1.182,57.343,6.084,1,25.461,7.676,2,c
397,5.889,88.109,8.554,0,25.559,1.121,2,"d,a,c,b"
716,5.752,76.791,2.391,3,26.004,3.963,2,"c,d,a"
480,3.988,77.82,6.591,0,26.53,0.94,2,c
800,9.192,72.77,4.22,2,26.759,1.391,2,"c,a"
724,6.001,78.343,4.725,1,27.339,1.844,2,"b,a"
991,7.83,84.647,2.155,4,27.507,4.163,2,"a,c,b"
270,4.74,76.784,3.302,1,27.918,3.456,2,"a,c"
830,,,9.719,0,27.918,1.584,2,"a,c"
127,5.386,,5.481,1,28.021,6.32,2,"b,c,a"
632,9.679,,2.105,5,28.398,3.659,2,"c,b,d,a"
399,8.231,75.672,4.806,0,28.673,3.211,2,"b,d,c"
613,7.497,92.81,7.683,1,28.812,0.087,2,"b,d,c,a"
911,3.923,68.449,5.881,2,29.194,7.677,2,"d,a,c"
996,6.931,75.326,5.675,0,29.261,1.355,2,"d,b,a"
367,2.131,84.936,10.403,0,29.671,0.328,2,b
493,3.885,90.055,4.325,1,29.739,3.18,2,"c,b,d,a"
64,3.025,82.544,4.68,1,29.772,2.118,2,"b,c,a,d"
248,0.23,78.879,6.285,0,30.174,7.096,2,"b,c,d,a"
171,11.412,74.612,2.932,3,30.28,2.377,2,"c,b,a,d"
261,5.198,69.783,5.681,1,30.288,5.92,2,b
418,6.83,69.76,7.207,0,30.602,6.68,2,"b,c"
856,3.11,70.787,6.504,1,31.893,1.2,2,"d,b"
848,5.552,87.215,6.102,0,32.032,2.729,2,c
780,6.538,77.068,10.015,0,33.027,7.951,2,c
631,1.676,76.901,4.318,2,33.036,5.01,2,c
769,4.141,66.363,7.338,0,33.461,2.712,2,"c,b,d,a"
359,6.883,80.304,7.111,0,33.675,3.49,2,c
592,1.834,84.036,8.667,1,33.741,0.387,2,"b,d,c"
901,,,8.333,0,33.778,0.317,2,"d,a"
630,9.132,81.425,8.379,0,34.137,0.257,2,"c,b,d"
220,8.067,77.034,11.013,0,34.412,6.807,2,c
678,4.945,70.92,6.971,1,34.591,6.386,2,"c,b"
65,2.36,72.298,4.581,3,34.786,1.264,2,"c,b,d"
625,6.642,78.919,6.789,1,34.81,7.276,2,"a,d,b"
886,13.529,86.763,3.507,1,35.012,3.844,2,"a,c"
177,4.51,85.12,6.283,0,35.52,1.57,2,"b,c,d"
348,2.74,75.276,6.536,0,35.551,7.967,2,"c,d,b"
965,5.655,66.375,4.168,1,35.721,5.167,2,c
831,11.601,68.82,4.001,1,35.956,4.277,2,"c,a,b"
887,8.382,88.752,4.473,1,36.326,5.355,2,"c,b"
342,5.286,77.891,5.971,2,36.398,1.261,2,"b,d"
456,9.06,67.911,3.908,3,36.917,1.525,2,"b,d"
585,5.364,55.059,6.727,1,36.982,1.666,2,"c,b,d"
219,4.506,74.019,4.618,4,37.232,0.35,2,"b,a,c,d"
28,,65.942,3.108,3,38.622,5.971,2,a
692,10.216,87.235,3.037,4,38.759,3.759,2,"d,b,a,c"
937,5.622,64.888,7.502,2,38.821,0.267,2,"a,d"
570,7.162,84.523,5.114,2,39.16,0.678,2,"b,c,a"
108,4.071,72.066,6.478,3,39.714,7.637,2,c
543,7.002,77.214,7.058,0,39.771,2.79,2,"b,d,a"
538,2.925,60.833,8.633,1,39.785,0.221,2,d
841,4.353,76.822,5.948,1,39.806,2.775,2,"c,b"
381,6.735,99.227,8.105,1,39.838,1.434,2,d
154,2.853,95.767,6.612,0,40.011,2.835,2,"c,a"
850,6.279,81.545,5.95,0,40.012,4.681,2,"b,c"
914,5.653,,5.789,3,40.083,0.759,2,c
573,4.418,86.677,7.951,2,40.141,0.368,2,"b,c"
919,,70.471,7.255,2,40.23,0.287,2,d
35,3.107,78.328,5.015,4,40.403,8.22,2,"c,b"
565,12.203,65.716,5.399,1,40.656,0.187,2,c
960,10.346,66.05,4.61,2,40.778,7.569,2,c
704,0.76,57.93,6.313,0,40.826,4.822,2,"b,c,a,d"
796,3.67,68.932,5.721,1,40.947,4.837,2,c
411,2.118,94.239,6.856,2,41.243,1.174,2,c
519,4.154,77.532,10.908,1,41.422,7.715,2,"b,c"
619,5.264,78.729,5.98,0,41.611,3.213,2,c
231,3.93,68.896,7.691,2,41.693,7.36,2,"b,d,a"
805,5.678,67.31,5.239,4,41.729,0.091,2,"b,c"
658,4.624,78.676,11.007,1,42.252,0.234,2,"b,c,d"
39,3.757,73.536,4.738,3,42.323,2.068,2,"c,a,b"
839,9.896,62.084,3.783,3,42.368,3.269,2,"a,c,b"
37,3.261,72.628,4.809,4,42.565,7.009,2,"b,d,a"
967,9.665,83.702,5.512,3,42.745,8.398,2,"a,c,b,d"
298,2.161,70.267,8.619,2,42.821,8.254,2,"b,c,a"
360,,74.515,6.227,1,42.906,4.528,2,"c,a,d,b"
719,8.126,,5.101,3,43.121,0.429,2,"c,b"
268,12.458,70.46,5.928,2,43.134,7.746,2,c
6,10.679,79.767,6.311,1,43.157,0.458,2,a
502,10.681,45.264,3.476,4,43.202,4.41,2,"a,c,d"
749,2.96,63.967,9.209,0,43.287,4.877,2,"b,c,a"
432,4.894,81.589,7.362,1,43.299,1.85,2,"d,b"
209,5.459,74.754,6.955,1,43.394,5.636,2,c
288,3.594,74.763,6.618,2,43.988,1.736,2,a
513,6.303,91.622,7.047,1,44.016,1.358,2,"b,d,a"
674,1.54,62.264,7.925,0,44.112,3.564,2,"b,d,a,c"
933,6.703,84.339,9.504,0,44.235,5.221,2,d
906,5.812,76.878,5.567,2,44.262,2.921,2,"d,c,a"
487,6.846,71.249,7.643,0,44.347,4.537,2,"d,c,b"
263,6.714,85.356,9.628,0,44.4,3.097,2,"a,d"
940,6.076,101.857,7.168,3,44.429,0.116,2,"c,a,b"
993,2.844,79.646,8.309,2,44.809,1.085,2,"d,a,b"
604,7.643,67.181,3.993,2,45.206,3.919,2,"d,b"
232,5.868,87.286,5.861,3,45.247,1.57,2,"d,a,b"
888,3.349,74.586,6.415,0,45.314,6.73,2,b
136,4.019,65.212,9.796,0,45.585,4.933,2,"b,d,a"
938,1.531,86.133,6.276,1,45.651,3.269,2,"b,c"
842,3.983,77.509,4.69,3,45.96,2.203,2,"c,b"
413,9.717,,3.784,2,46.109,2.752,2,c
702,0.837,84.711,5.615,3,46.146,5.411,2,b
452,8.376,70.244,8.503,2,46.469,0.582,2,"b,d"
512,4.832,69.357,5.257,3,46.507,2.813,2,"c,b,d"
715,7.203,57.88,10.52,0,46.674,8.256,2,"b,c"
474,7.645,82.447,10.73,0,46.867,6.601,2,"b,d"
140,8.882,77.505,3.946,4,46.925,2.754,2,"d,b"
309,,60.744,7.534,1,47.164,2.393,2,a
825,12.802,88.061,4.623,5,47.218,0.427,2,"b,c"
824,9.203,57.391,4.117,5,47.261,5.598,2,"c,a,d,b"
460,7.997,62.071,5.502,4,47.541,0.744,2,"d,a,b"
166,2.112,68.282,6.68,2,47.695,2.09,2,"c,b"
654,0.782,69.273,8.359,1,48.082,5.813,2,"d,b"
234,5.01,86.127,7.698,0,48.511,6.974,2,"c,a,b"
105,6.13,82.559,10.787,1,48.638,1.106,2,"c,b,d,a"
354,4.573,71.038,6.393,1,48.684,4.449,2,"b,c"
818,5.264,84.914,8.351,1,49.153,2.213,2,"c,a,b,d"
981,3.507,74.09,6.572,0,49.189,3.732,2,c
698,4.152,87.314,10.277,1,49.595,7.019,2,a
544,4.145,84.218,5.272,4,50.052,1.756,2,"c,b,d"
486,11.267,88.425,5.995,1,50.531,2.863,2,"d,b,c,a"
711,5.451,73.319,9.291,0,50.539,2.012,2,d
73,9.26,76.631,4.038,5,50.554,5.61,2,"d,b"
735,5.771,81.979,4.395,4,50.643,3.863,2,"d,b,c,a"
88,5.371,50.072,7.665,1,50.892,2.272,2,"d,c"
593,8.701,63.37,5.281,2,51.147,1.189,2,d
890,5.95,74.222,4.278,4,51.238,4.612,2,"a,c,b"
58,5.927,66.991,8.628,1,51.585,1.845,2,"c,d,b"
221,6.176,90.336,7.853,2,51.639,7.028,2,"b,c"
175,7.355,93.268,11.722,0,51.758,0.235,2,b
188,10.732,,7.242,1,51.86,7.048,2,"d,b"
229,7.085,86.275,9.208,0,52.057,4.279,2,"b,c,a"
855,2.112,69.586,7.107,3,52.502,5.912,2,c
651,3.612,65.987,6.892,0,52.624,2.927,2,c
758,11.267,59.765,4.282,3,52.869,2.65,2,"d,c"
442,1.598,71.792,8.305,1,52.913,6.187,2,c
353,4.764,64.363,8.835,3,53.273,7.871,2,b
979,10.073,63.706,5.311,3,53.373,0.454,2,c
31,6.61,62.158,7.037,3,53.509,1.539,2,"d,c,b,a"
612,2.208,53.329,6.19,3,53.51,5.276,2,"c,b,d"
884,6.04,71.725,10.049,1,53.753,6.93,2,b
662,6.66,91.051,5.165,2,54.193,4.513,2,"d,b,a,c"
282,7.14,67.037,5.913,3,54.286,1.69,2,c
727,,69.941,5.173,3,54.453,5.458,2,"b,d,c,a"
243,,82.815,8.037,1,54.609,5.181,2,"b,d"
942,10.954,77.244,6.229,1,54.715,3.222,2,"c,a"
445,6.852,83.665,7.373,1,54.876,7.09,2,"d,b,a"
227,5.111,83.749,8.572,0,54.893,4.916,2,c
932,4.294,72.557,5.716,3,54.932,2.313,2,"b,c,a,d"
109,9.075,80.496,6.314,2,55.399,1.836,2,"d,b"
703,1.613,72.889,7.186,0,55.694,3.565,2,"a,d,b"
660,6.435,73.481,9.221,1,56.579,3.188,2,c
440,5.498,87.675,6.54,3,56.935,2.815,2,"b,a,d"
617,4.049,87.983,6.944,3,57.918,5.777,2,b
623,5.144,,6.344,3,57.953,4.832,2,"b,c,a"
620,9.08,56.646,6.967,2,58.129,0.861,2,"b,c,a"
51,7.378,62.963,4.935,5,58.183,2.826,2,"a,c"
772,6.939,81.026,8.582,1,58.2,3.043,2,a
436,4.212,78.549,6.197,4,58.239,6.584,2,"c,b,d,a"
277,9.145,63.522,5.094,4,58.31,2.552,2,"c,a"
811,6.432,71.218,10.513,2,58.407,0.715,2,"a,b,c"
552,0.154,73.853,9.182,2,58.541,6.61,2,c
580,4.93,79.754,6.951,1,59.147,3.996,2,"a,c,b,d"
373,4.29,76.536,10.523,3,59.405,0.117,2,c
314,5.757,91.983,8.169,1,59.407,5.049,2,c
865,8.835,93.292,7.145,1,59.83,5.989,2,"d,c,a"
368,5.582,65.149,8.438,2,60.064,2.546,2,b
883,6.164,74.182,5.275,5,60.419,1.264,2,"c,a"
913,3.167,76.784,8.091,1,60.83,2.683,2,"d,b,c"
139,4.021,91.596,9.147,1,61.08,4.602,2,"a,b"
182,11.403,67.493,6.017,1,61.517,6.158,2,a
978,7.958,80.514,5.746,3,61.532,5.476,2,"a,c,b"
184,3.429,70.942,9.029,0,61.571,3.414,2,c
155,5.332,73.585,8.105,3,61.599,6.58,2,"a,d,c,b"
596,10.236,77.426,5.087,4,61.604,2.783,2,"d,c,b"
778,3.442,71.694,6.563,3,61.703,2.133,2,"c,a,b,d"
968,10.71,67.928,4.782,2,61.784,4.316,2,a
640,2.826,68.694,11.758,0,62.034,6.318,2,d
290,10.389,66.499,4.622,4,62.191,2.817,2,d
714,11.178,93.072,5.33,5,62.237,1.869,2,d
405,8.156,62.603,6.307,4,62.294,1.765,2,"d,a,c"
905,11.151,64.692,5.763,1,62.495,2.38,2,a
930,,81.266,10.663,0,62.687,5.206,2,"c,d,a"
792,9.031,,7.764,2,63.153,2.561,2,"c,d,b"
950,9.887,60.344,6.006,3,63.444,0.507,2,"a,b"
801,6.077,67.117,9.108,1,63.721,3.094,2,c
283,7.931,82.366,5.005,5,64.001,2.7,2,"c,d,a"
736,9.829,65.252,5.401,2,64.018,5.467,2,a
635,5.155,89.933,9.35,0,64.134,3.564,2,b
756,14.217,65.374,7.549,3,64.37,0.769,2,c
347,5.513,65.351,9.49,0,64.422,2.543,2,"b,c"
357,9.762,65.737,5.125,3,64.428,5.394,2,d
112,10.11,79.742,5.594,3,64.496,4.515,2,"c,b,d"
574,4.854,78.873,10.021,0,64.688,4.916,2,d
164,3.398,77.448,9.679,0,64.774,2.576,2,d
301,2.245,54.644,9.58,0,64.776,3.279,2,c
891,6.106,69.926,7.488,3,64.873,5.43,2,"b,a"
795,2.503,70.783,7.308,2,64.891,3.849,2,"b,d,a"
853,8.501,63.434,5.634,4,64.958,2.484,2,"c,a,d"
836,8.936,88.831,7.833,1,65.023,6.567,2,a
278,10.265,66.906,5.984,2,65.116,6.36,2,d
404,8.487,68.603,6.035,3,65.21,5.457,2,b
962,4.784,62.471,8.627,1,65.373,3.334,2,"c,d"
751,12.842,65.594,4.9,4,65.867,2.794,2,d
345,3.015,60.077,9.081,1,65.895,4.401,2,"c,a,d,b"
181,2.756,70.658,12.236,0,66.051,0.059,2,"b,d"
118,4.486,65.958,9.499,2,66.253,1.296,2,c
237,9.218,66.077,7.889,3,66.4,0.076,2,"b,c,d"
974,3.956,81.259,7.294,3,66.757,4.562,2,d
203,5.659,77.429,7.397,3,67.587,2.304,2,"d,b,c"
686,9.608,56.045,8.209,2,67.907,1.706,2,"d,c"
211,3.85,,10.874,0,68.01,4.145,2,c
966,,90.497,10.149,2,68.426,1.976,2,"c,b"
387,7.369,83.28,6.873,3,68.564,6.032,2,"b,c,a"
705,4.09,76.999,10.006,3,68.654,1.216,2,"c,a"
898,6.344,,8.395,2,69.1,3.359,2,"a,b"
957,8.525,89.516,5.836,3,69.155,4.521,2,"c,d,a,b"
429,8.576,47.962,6.367,4,69.505,6.099,2,"d,a"
788,10.896,62.282,5.547,3,70,2.903,2,a
40,7.598,71.507,6.905,2,70.029,3.585,2,"d,a"
917,8.466,67.136,7.204,4,70.123,0.713,2,a
425,10.501,61.344,6.258,1,70.473,5.097,2,d
44,7.155,69.505,5.894,5,71.325,4.983,2,"d,c"
246,10.297,65.361,5.64,2,71.583,4.359,2,"a,d"
176,10.284,79.466,7.005,4,72.088,1.474,2,"c,b,a"
872,7.172,66.99,12.271,0,72.428,5.703,2,b
29,4.854,81.351,8.945,3,73.003,1.075,2,"c,d,a"
893,3.463,66.538,7.595,3,73.179,3.493,2,"c,a,b"
208,1.827,72.793,10.752,3,73.822,1.096,2,"d,b,c,a"
770,3.622,77.011,10.513,0,74.108,4.727,2,c
857,4.216,72.42,10.412,0,75.061,3.372,2,"c,b,a"
361,5.073,77.329,8.877,3,76.032,2.817,2,d
250,6.118,67.836,7.833,3,76.095,3.951,2,"d,c"
924,10.054,78.101,6.583,3,76.347,4.409,2,"c,b,a"
951,6.92,76.768,8.662,3,76.415,2.984,2,"a,c"
286,8.442,,7.168,5,76.485,0.953,2,"a,d"
849,13.202,86.966,5.852,5,76.547,4.86,2,"c,b,a"
997,10.373,78.225,7.378,3,76.608,5.459,2,b
615,7.776,53.224,7.556,3,77.652,2.353,2,"a,d,b,c"
162,5.272,77.125,9.742,3,77.775,5.601,2,"c,a"
36,12.375,64.614,6.577,3,77.839,3.364,2,"d,a,c,b"
560,8.988,79.287,6.652,4,78.41,2.874,2,a
199,,61.039,6.806,2,78.449,5.616,2,d
179,3.043,75.704,10.79,0,78.623,4.722,2,c
134,10.327,82.679,6.939,3,79.125,3.326,2,"a,b,c"
122,8.608,68.103,7.912,3,79.497,4.161,2,b
216,7.994,77.469,8.052,3,79.611,6.081,2,d
641,8.911,60.226,5.914,3,79.952,4.828,2,c
688,5.798,60.303,8.254,3,80.354,3.71,2,a
102,2.49,83.507,10.451,1,80.411,3.474,2,"c,b,a"
572,4.35,74.179,9.049,3,80.867,2.04,2,"b,a"
463,9.51,72.989,8.303,4,83.798,1.122,2,"d,b,a"
695,9.22,85.737,7.734,3,84.246,2.762,2,"b,c"
466,7.623,71.149,7.594,4,84.383,5.63,2,d
355,9.355,66.235,6.164,4,84.764,2.394,2,a
292,7.377,69.84,7.978,3,85.2,4.361,2,d
414,7.36,,11.437,3,85.552,1.451,2,"c,b"
638,9.129,80.865,6.818,4,85.848,4.342,2,"b,d"
782,8.599,102.491,10.008,1,85.963,3.757,2,"a,c,b,d"
103,7.975,61.577,8.087,3,86.589,2.658,2,a
159,11.314,60.627,6.943,4,86.738,3.842,2,"c,d,b,a"
461,2.392,75.588,10.831,1,86.776,4.145,2,b
117,12.588,68.651,7.534,3,86.926,3.56,2,"d,c"
242,7.513,77.454,11.039,2,87.36,3.145,2,"b,c"
821,6.286,65.808,7.834,4,89.362,3.732,2,"c,b"
817,9.86,77.807,7.054,4,89.388,4.07,2,"d,a,c"
995,5.457,70.622,8.163,3,89.809,4.224,2,c
107,3.516,83.826,8.897,4,90.445,2.311,2,"b,a,c"
936,,67.538,10.195,2,90.752,4.05,2,b
38,8.23,94.747,11.455,2,90.759,2.934,2,"b,c"
382,7.427,75.736,10.222,3,92.111,0.764,2,"c,b"
642,5.475,73.842,8.726,3,92.738,3.641,2,"a,b,c"
578,8.968,80.342,7.568,5,95.882,5.373,2,"d,b,c"
912,8.59,58.35,7.987,5,95.885,1.985,2,d
156,10.188,92.868,8.315,3,96.516,4.906,2,"c,a,b"
934,9.678,73.246,8.679,3,96.533,4.735,2,"a,b,c"
737,11.319,,7.53,2,97.228,4.361,2,c
589,5.462,64.138,8.232,4,97.993,2.618,2,"d,c,a"
649,7.434,78.456,9.636,3,98.125,3.406,2,"c,b,d"
233,8.19,81.633,7.268,5,99.274,4.084,2,"c,b"
267,8.468,76.128,8.921,4,99.336,5.991,2,"d,b"
82,8.312,57.226,8.571,5,103.413,4.87,2,"a,b"
489,11.369,71.429,8.039,5,106.065,2.944,2,"b,c,a"
438,11.667,63.52,9.622,4,110.11,2.34,2,"a,b,c"
569,6.883,80.6,9.438,5,110.226,5.327,2,"b,a,c,d"
526,6.966,75.102,11.106,4,111.481,7.095,2,"d,a"
904,8.085,78.474,12.02,3,114.195,6.317,2,"b,c,d"
732,7.97,79.215,10.916,3,116.891,2.447,2,"d,b"
173,10.334,69.205,9.588,2,119.293,4.447,2,d
601,8.991,94.327,12.043,4,123.898,1.094,2,c
157,,69.114,12.717,4,137.596,1.9,2,"c,a,b"
372,6.3,78.443,11.465,4,139.425,4.047,2,"c,b"
144,11.625,80.43,10.086,5,140.157,3.794,2,"c,b"
114,4.945,65.747,5.355,0,14.227,6.726,3,"b,d"
362,9.295,68.929,2.108,1,23.033,3.586,3,d
191,3.891,69.953,9.264,0,23.519,1.45,3,"b,c"
238,5.727,,6.324,0,25.767,1.621,3,"c,b,d"
224,6.849,73.201,5.67,1,26.347,7.569,3,"d,b"
327,6.999,66.392,6.378,0,26.812,2.676,3,c
501,6.443,63.067,5.134,0,29.685,2.809,3,c
207,8.889,62.933,2.615,1,30.533,5.154,3,a
262,3.294,63.587,4.376,3,31.622,0.282,3,"a,c,b,d"
761,4.127,67.246,7.008,0,32.215,1.797,3,"c,a,b"
344,9.739,62.867,2.758,4,32.895,5.026,3,"a,c,b"
320,0.312,67.7,5.726,1,33.178,1.738,3,c
797,7.124,59.296,5.847,0,33.541,2.653,3,c
491,11.154,65.098,2.415,4,34.045,3.379,3,d
426,8.821,68.588,3.789,3,35.186,1.438,3,"c,b,d"
5,2.19,51.727,9.152,0,35.488,1.788,3,b
504,5.777,78.295,5.272,1,35.544,2.453,3,"b,d,a"
25,8.684,57.248,10.176,1,36.008,0.014,3,"b,a,c"
321,5.52,73.79,8.946,0,36.103,0.804,3,d
812,7.722,76.451,4.144,2,36.151,6.256,3,"d,b"
412,2.276,63.322,8.251,0,38.697,2.607,3,"c,a,b"
517,0.237,82.551,7.609,1,38.776,0.675,3,"c,b"
987,5.196,59.482,10.657,0,38.853,6.622,3,"a,c,b"
198,5.455,69.339,6.488,1,39.492,5.82,3,"b,a,d"
990,4.447,67.429,7.633,0,40.012,3.563,3,"b,a,d"
693,6.285,66.023,6.6,1,40.457,2.366,3,"b,c,a"
366,6.375,66.475,4.51,4,40.845,7.04,3,"b,d,c"
977,,71.619,7.383,1,41.035,6.506,3,d
870,9.139,67.24,5.06,3,42.041,0.849,3,"c,b,d"
113,6.507,65.813,6.633,2,42.473,0.148,3,"c,b,d,a"
902,7.202,65.704,5.765,2,42.476,2.351,3,"b,c,d"
710,1.928,65.215,7.946,0,43.056,2.125,3,"b,c,a"
999,3.316,75.49,5.501,1,43.152,4.22,3,c
147,5.66,86.872,5.344,1,43.684,3.65,3,b
265,10.574,,9.098,1,43.753,9.286,3,"d,a,c,b"
325,1.989,67.951,7.346,2,44.543,1.448,3,b
652,6.856,58.723,3.828,4,45.005,4.176,3,"d,a,c"
106,12.505,63.518,3.845,1,45.793,4.065,3,a
928,5.125,63.334,6.938,3,46.125,0.859,3,"c,b,a"
482,6.912,80.251,9.355,0,46.36,2.055,3,c
459,5.988,72.768,4.478,2,46.661,3.724,3,"b,d,a"
92,6.197,81.842,8.547,0,47.552,5.069,3,d
186,7.949,91.506,7.389,2,48.315,1.534,3,d
273,4.444,64.701,4.687,3,51.513,4.196,3,"a,d,b"
369,10.417,80.555,8.033,2,52.698,8.036,3,"c,a"
149,9.984,79.402,5.819,3,52.944,1.282,3,d
70,9.938,78.164,5.657,1,53.264,4.182,3,"d,b"
721,8.281,77.932,7.441,1,53.726,4.629,3,"d,a,c"
598,9.308,81.528,7.13,2,54.124,0.143,3,"a,b"
515,9.968,91.766,6.449,2,54.353,5.92,3,"d,a,c"
976,5.405,59.843,7.396,2,55.162,2.746,3,a
602,8.547,78.815,5.894,3,56.01,2.747,3,b
606,5.006,79.924,6.672,3,56.607,7.532,3,"d,a,c"
777,5.376,74.839,8,3,56.698,1.075,3,b
983,4.758,81.822,7.786,3,57.381,1.803,3,b
16,3.986,70.084,11.912,0,57.42,1.791,3,"d,b,c,a"
683,5.234,72.133,5.398,5,57.854,0.749,3,"d,b"
973,3.591,69.28,6.418,4,58.406,1.012,3,d
75,8.583,92.312,6.53,2,58.415,6.141,3,a
943,8.305,58.159,12.864,1,58.608,0.432,3,"b,c,d,a"
785,8.941,69.738,8.745,2,59.026,1.789,3,"b,a,d,c"
378,3.123,,8.619,0,59.597,5.243,3,"d,b"
422,1.658,93.502,10.632,2,59.871,1.016,3,"d,c,b,a"
304,11.845,67.533,4.814,2,60.183,3.496,3,d
595,6.891,66.096,7.189,3,61.489,0.562,3,"d,b,c"
717,5.79,94.689,6.545,3,61.66,4.747,3,c
694,10.027,53.44,7.17,3,61.716,0.879,3,"d,b,c"
834,10.076,79.507,6.223,3,61.788,1.733,3,"d,a"
319,6.944,68.218,8.417,3,63.15,0.7,3,"d,a,b"
699,,84.523,7.622,1,63.585,3.969,3,"b,d"
47,0.842,95.522,11.565,2,64.675,0.644,3,c
483,4.458,88.309,8.405,1,65.169,4.138,3,"a,c"
12,4.138,81.061,7.035,3,65.216,4.637,3,b
341,5.215,84.746,9.799,1,65.846,3.309,3,"b,c,a,d"
611,7.038,65.56,10.467,1,66.237,2.812,3,"b,c,a,d"
370,3.102,71.453,8.977,3,66.421,1.336,3,"b,d"
202,7.846,74.047,6.89,3,66.577,1.837,3,a
542,11.581,78.808,5.562,3,67.215,3.89,3,"c,b"
753,8.404,72.415,9.07,3,67.319,1.14,3,"b,a"
590,5.615,60.732,9.418,2,67.511,5.873,3,b
922,1.508,80.389,8.91,2,67.547,5.631,3,c
568,4.652,,6.677,2,67.548,3.301,3,"d,b,c"
806,9.524,90.516,6.962,4,68.347,0.878,3,"a,c,b"
575,5.802,80.554,10.231,3,68.841,7.339,3,"c,d,a,b"
210,5.344,85.826,13.743,1,69.38,1.315,3,c
275,2.778,71.524,10.4,0,69.606,3.747,3,"c,b,a"
522,6.386,77.277,7.087,3,69.695,4.361,3,"b,d"
789,5.688,76.387,8.818,2,70.489,3.351,3,"b,d,a"
509,8.688,66.108,6.187,2,70.875,2.174,3,a
728,8.824,84.948,8.932,2,71.477,4.392,3,b
822,8.578,72.647,6.375,3,72.211,3.839,3,"d,b,c,a"
358,5.709,68.354,9.327,0,73.35,4.406,3,"c,b"
918,10.513,65.778,6.364,1,74.221,3.93,3,d
760,5.841,67.945,9.566,3,76.196,1.948,3,"c,b"
335,10.097,68.791,6.986,1,76.502,2.563,3,"d,c"
733,12.646,66.089,7.465,4,76.855,1.054,3,"d,c,a"
819,2.398,80.672,9.572,4,77.122,0.244,3,"c,d,b"
954,6.567,94.647,9.84,1,77.322,4.432,3,b
235,4.781,67.782,7.859,3,77.405,4.892,3,"a,b"
712,8.434,79.573,6.917,5,79.586,1.242,3,"d,b,c"
790,9.95,66.649,7.653,3,79.727,5.66,3,"d,b"
563,3.371,65.976,10.197,3,80.733,1.78,3,d
17,10.952,,5.957,5,80.753,4.217,3,c
682,7.807,77.101,9.151,3,81.269,0.413,3,c
435,7.352,77.408,7.763,5,84.166,0.682,3,d
969,9.027,78.108,8.749,4,84.233,0.741,3,"a,c,b"
908,10.414,63.536,6.836,2,85.334,3.339,3,d
599,6.263,94.207,7.121,5,85.985,2.03,3,d
137,12.859,63.808,10.124,2,86.383,2.257,3,"d,b"
143,8.806,67.353,7.458,3,86.398,3.746,3,"b,c,a"
874,8.144,98.719,7.374,4,87.531,3.284,3,"d,b,c"
178,4.755,66.137,7.264,5,90.85,3.545,3,c
469,3.051,73.963,10.724,3,92.289,5.321,3,b
931,8.614,76.94,9.267,3,93.898,5.572,3,"c,b"
813,8.751,74.129,9.946,2,94.089,5.238,3,"b,a"
295,7.881,78.475,9.582,4,94.332,6.959,3,"a,d"
531,4.801,72.937,12.824,3,95.261,1.633,3,"c,b,a"
763,8.61,89.126,10.131,1,96.164,4.484,3,c
510,6.281,78.856,10.208,3,96.181,3.191,3,a
653,4.633,66.997,9.47,3,97.062,5.018,3,"b,c"
862,11.591,78.335,8.974,3,97.13,3.04,3,"d,c"
767,11.029,,7.047,4,99.586,3.069,3,a
132,10.567,67.19,8.525,4,99.703,2.364,3,"c,b,a"
675,8.26,70.157,9.271,4,118.92,4.007,3,"d,b,c,a"
85,,55.074,10.41,4,119.564,2.638,3,"c,a,b"
730,9.059,76.584,1.03,3,11.181,2.935,4,"a,b"
247,7.739,79.376,3.642,3,22.676,8.736,4,"b,c,a"
655,6.343,64.023,2.729,2,23.027,6.156,4,"b,c,d"
718,7.803,77.634,5.941,1,25.983,7.957,4,"c,b,d,a"
557,4.075,74.025,14.352,0,26.149,8.409,4,c
804,6.345,75.232,7.677,0,29.737,1.121,4,"c,d,b"
249,10.456,68.223,2.724,2,29.995,2.245,4,a
621,2.045,84.93,12.988,0,31.049,6.036,4,a
19,0.911,71.769,8.139,1,33.981,0.452,4,"b,a"
241,4.652,73.47,8.197,0,34.771,5.779,4,b
271,5.049,81.011,10.162,0,35.808,0.651,4,"c,d"
873,6.197,73.607,11.989,0,37.989,6.682,4,"b,c,d"
421,5.204,72.732,7.659,1,38.149,0.982,4,"c,b,d,a"
726,10.031,79.65,4.407,3,39.464,0.931,4,"d,b,c"
148,4.64,80.025,9.717,0,43.792,7.84,4,"c,b"
142,9.817,,3.546,3,47.086,3.146,4,"d,c"
450,8.516,81.663,12.536,0,47.547,1.963,4,c
988,8.136,62.605,14.734,0,50.001,0.649,4,"d,b,c"
299,2.565,64.719,9.057,1,50.347,6.524,4,"a,d,b,c"
52,2.562,71.158,8.002,0,51.531,3.577,4,c
579,3.958,89.84,6.59,1,52.247,3.904,4,c
457,1.238,77.231,11.888,1,54.315,1.106,4,"c,a"
671,4.491,81.541,9.751,1,54.328,2.038,4,a
138,7.838,62.908,10.336,0,54.777,2.432,4,"b,c"
95,7.285,73.5,11.715,0,55.321,5.119,4,"c,b"
223,8.309,72.646,9.109,1,56.3,2.339,4,c
380,10.085,65.964,6.976,3,57.012,0.552,4,"d,c"
809,6.585,83.134,4.805,3,57.542,4.434,4,"d,a"
401,4.514,72.468,13.076,0,58.09,4.061,4,"a,c,b"
71,3.67,80.157,9.668,2,58.616,1.315,4,c
975,5.776,89.597,11.709,1,58.709,0.173,4,"d,b,a,c"
741,9.405,63.739,5.573,3,58.821,0.57,4,"d,c"
276,3.621,61.548,7.938,4,65.901,0.172,4,"c,b"
774,4.637,,8.554,3,68.018,1.877,4,b
581,4.923,90.242,7.524,4,68.295,0.164,4,"a,c,b,d"
458,4.235,83.066,9.535,2,68.872,2.61,4,"c,b,d"
467,6.501,71.291,7.327,3,68.952,4.45,4,"c,b,d,a"
605,6.084,70.801,10.207,1,69.49,3.103,4,c
866,,74.62,11.41,1,70.897,1.997,4,"b,a,d"
158,4.58,81.187,12.782,0,71.319,1.365,4,b
948,6.201,82.418,11.87,0,72.788,6.174,4,c
468,6.329,79.983,11.535,1,74.227,2.959,4,"d,b"
55,7.613,87.068,8.498,4,74.705,8.212,4,"c,b"
464,12.254,69.971,10.755,3,75.168,9.096,4,b
289,3.331,84.419,11.892,1,75.72,5.264,4,b
946,2.474,89.715,11.206,0,77.394,3.892,4,"d,c,b,a"
945,6.17,72.08,13.553,2,78.59,7.328,4,"a,d"
150,4.827,79.656,9.529,2,81.845,3.884,4,b
56,5.479,78.553,8.052,4,82.265,5.881,4,"b,a,d"
478,5.717,91.267,10.587,2,83.059,2.957,4,b
431,8.148,68.797,11.893,3,83.083,0.05,4,"d,c"
20,6.082,,8.291,3,83.271,2.84,4,"d,c,a"
648,10.953,65.541,7.678,2,83.392,2.265,4,a
245,6.571,86.759,14.129,1,84.101,3.02,4,"b,c,d,a"
878,6.837,69.123,12.329,2,84.743,0.035,4,b
465,1.964,67.294,10.096,2,84.766,2.924,4,b
860,2.791,58.12,11.859,2,85.509,5.264,4,"d,a,b"
101,8.085,87.863,6.808,4,86.371,4.187,4,d
664,10.646,60.096,9.135,1,86.761,1.328,4,d
310,6.467,67.394,7.946,5,86.852,0.945,4,"d,b,a,c"
266,1.713,65.983,11.689,0,88.559,4.839,4,"c,b,d,a"
94,9.499,94.025,11.47,1,89.654,6.606,4,a
706,10.898,58.176,8.815,2,89.722,2.817,4,"c,d,b"
124,6.804,73.982,9.203,3,90.422,6.245,4,"c,b,a"
626,6.791,82.768,11.225,1,91.241,3.315,4,c
363,5.749,83.148,10.161,3,91.885,2.131,4,"b,a,c"
532,4.179,95.403,10.354,1,92.065,4.045,4,"b,c"
845,3.678,67.052,9.848,4,92.168,1.673,4,"c,a"
495,3.929,65.443,8.945,4,92.784,2.208,4,"d,b,a"
690,4.134,53.788,11.088,3,92.88,5.627,4,"b,d,c,a"
500,8.285,80.827,9.397,3,93.102,6.272,4,d
53,3.946,,12.401,1,94.638,3.874,4,"c,b"
827,5.965,70.131,10.941,3,97.313,5.148,4,b
24,8.759,83.758,11.988,3,98.518,2.442,4,c
477,6.891,67.972,7.925,4,99.159,3.535,4,"d,b,c,a"
449,,64.314,10.825,4,99.58,0.387,4,"a,d,c,b"
257,5.34,66.956,9.973,2,99.643,3.302,4,c
784,8.313,81.418,10.259,4,100.985,0.821,4,c
331,9.006,65.802,10.086,4,102.107,1.021,4,b
42,10.453,67.036,9.523,4,102.207,6.182,4,"c,d"
385,10.118,75.806,9.465,3,103.327,3.025,4,"d,c,a"
910,9.391,76.308,11.022,4,103.719,0.534,4,"a,d"
160,7.825,82.279,10.899,3,105.835,1.988,4,"c,b,d"
337,10.513,66.13,10.172,2,106.113,1.825,4,a
66,8.957,67.483,11.17,3,110.115,5.473,4,"b,d"
63,6.902,72.802,12.447,0,110.495,4.928,4,"c,b,a"
291,11.177,90.736,10.521,4,112.31,1.869,4,d
172,2.76,67.572,12.161,3,113.477,3.272,4,c
829,6.294,58.319,11.979,3,114.561,4.836,4,"c,d,a"
646,8.183,81.743,11.287,3,116.495,2.636,4,"c,d"
228,11.592,82.158,10.848,3,118.968,3.127,4,"a,b,c"
311,6.497,70.258,8.89,5,123.868,3.822,4,"a,b"
972,,77.818,14.866,3,124.257,2.279,4,b
985,5.388,65.295,9.089,5,124.617,3.622,4,"c,d,b,a"
492,0.713,77.55,12.957,0,125.129,4.042,4,"b,c,a,d"
419,1.15,,15.487,3,125.578,2.111,4,b
750,4.918,77.499,13.615,3,130.695,3.531,4,b
541,8.041,68.735,12.607,4,131.49,6.105,4,"c,a,b"
434,13.832,85.961,11.295,4,140.702,3.091,4,"a,d,c,b"
571,4.738,83.457,12.809,3,143.218,3.286,4,b
738,10.045,64.902,12.834,2,143.939,4.183,4,c
680,9.861,87.445,14.104,4,148.845,6.58,4,d
9,4.321,79.671,6.818,0,11.65,1.255,5,"b,d"
11,2.125,79.798,7.277,0,26.292,3.897,5,"a,b,c"
618,3.75,61.025,7.888,0,27.792,1.802,5,c
462,11.299,59.711,4.549,3,27.888,7.008,5,"c,b,a"
302,8.948,74.832,3.231,5,28.74,3.569,5,c
740,6.565,76.479,5.49,4,30.391,0.234,5,"d,b,c"
251,2.924,65.876,9.194,0,30.514,1.964,5,c
7,3.62,80.43,9.473,0,32.752,3.533,5,"b,a,c"
30,1.833,76.075,8.355,0,34.281,2.268,5,c
955,,70.54,5.017,3,35.066,4.605,5,"d,b,c"
407,4.46,57.234,9.037,0,35.184,4.901,5,"b,c,d,a"
471,3.362,73.735,7.271,2,35.294,2.544,5,d
832,4.575,69.758,8.998,1,35.795,1.746,5,"c,a"
956,5.695,71.963,9.805,2,36.009,0.756,5,"c,b,a,d"
624,5.648,81.948,8.877,1,36.733,1.988,5,"c,d,b,a"
959,5.792,88.833,15.967,0,36.875,1.192,5,c
34,4.724,80.633,11.261,2,37.456,0.071,5,b
446,10.813,61.306,4.299,4,37.665,6.084,5,a
925,3.854,70.575,14.158,1,39.093,8.358,5,"b,d,a,c"
130,5.64,64.685,5.358,4,39.16,4.863,5,c
43,6.4,89.034,11.265,0,39.543,5.921,5,"a,b,d"
430,5.548,,8.752,0,40.052,3.603,5,b
781,3.148,85.464,10.939,1,41.022,1.263,5,"a,b,c"
516,1.819,59.082,9.412,2,41.463,6.584,5,"b,a"
90,6.75,74.193,12.912,1,41.935,7.336,5,"a,c"
339,8.344,70.526,7.986,2,42.269,4.745,5,"a,d,b"
894,,50.236,11.924,0,42.604,6.359,5,"b,c"
677,4.194,75.211,11.573,1,44.511,2.054,5,"b,d"
305,6.396,74.262,9.565,1,44.64,2.641,5,"b,c,d"
709,8.34,73.689,6.586,4,44.698,6.983,5,d
371,5.404,81.652,10.223,1,45.064,4.825,5,"b,d,a,c"
663,4.935,66.508,6.959,5,46.902,1.16,5,"d,a,c"
174,9.564,67.879,7.52,5,47.321,8.433,5,"d,b,c"
676,8.682,74.681,6.98,4,47.558,1.28,5,a
384,4.599,68.834,7.091,5,48.509,6.633,5,a
514,5.056,65.479,10.949,0,50.405,4.053,5,"d,b"
349,10.824,58.814,5.262,4,50.617,3.389,5,d
685,7.133,92.965,7.069,4,54.473,5.503,5,d
659,8.731,78.227,8.521,3,54.829,1.606,5,d
745,8.855,66.946,7.332,2,58.585,4.884,5,"c,a"
600,8.532,75.624,9.439,3,59.837,5.048,5,"b,d"
396,5.697,75.336,7.988,5,62.337,6.519,5,a
645,4.014,,9.275,4,62.577,6.067,5,"d,b,c,a"
879,10.281,73.059,6.541,4,63.416,4.557,5,d
498,8.356,66.114,9.218,2,63.537,4.412,5,"d,b,c,a"
892,10.26,66.09,8.717,2,64.509,2.279,5,"d,b"
197,5.159,68.41,9.938,3,64.586,5.421,5,c
21,4.554,76.234,11.369,2,65.677,5.019,5,b
145,6.208,64.927,11.962,3,65.725,0.98,5,b
555,6.833,75.587,12.893,2,67.094,5.742,5,"c,a"
837,4.842,77.512,13.018,3,70.625,2.423,5,"c,a"
161,6.399,63.76,15.089,0,73.614,3.36,5,"c,b"
183,3.349,80.288,11.645,3,74.955,3.569,5,"b,d,c"
992,4.747,78.661,11.705,2,75.17,3.337,5,"c,b,d,a"
799,10.52,63.619,9.679,4,77.236,3.156,5,"a,b,c,d"
23,11.606,92.302,13.445,3,85.12,6.657,5,"c,b,a,d"
530,12.572,79.106,11.819,5,89.488,1.337,5,a
720,5.182,56.204,0.884,4,7.212,4.079,6,"c,d"
81,,87.825,9.867,0,13.183,0.494,6,"c,a,b"
755,4.307,73.367,5.294,0,14.359,1.336,6,"c,a,b,d"
982,0.874,70.592,7.457,0,16.276,6.273,6,"c,b,d,a"
554,7.895,76.59,4.085,3,18.291,0.564,6,"c,a,b"
622,8.542,63.907,3.108,2,18.398,6.006,6,d
116,7.429,69.749,10.497,0,19.15,1.728,6,"c,b"
398,4.024,,12.166,0,19.758,5.967,6,"b,d"
520,5.737,77.583,2.707,5,20.128,2.014,6,"a,d,b,c"
300,6.908,80.915,4.715,1,20.482,5.639,6,"d,b,c"
759,4.921,93.947,9.006,1,21.547,0.34,6,"c,b,a,d"
803,13.337,71.816,3.115,3,22.435,3.119,6,c
68,4.263,83.991,5.781,1,22.527,2.027,6,"b,d,a"
100,7.817,85.297,10.331,0,23.495,7.551,6,"d,b,c,a"
346,6.373,67.61,5.75,3,23.693,0.616,6,b
851,9.788,63.741,3.018,2,23.874,5.344,6,a
779,5.927,81.482,7.432,0,24.274,0.781,6,d
915,,69.36,5.629,2,24.375,0.782,6,"b,d,a"
587,5.73,68.306,10.161,0,25.241,0.965,6,a
691,4.014,78.605,7.627,1,26.96,1.049,6,"c,a,b"
553,7.596,68.127,10.846,0,27.002,1.02,6,"b,c"
539,6.819,75.707,10.527,0,29.191,5.855,6,b
843,9.044,70.653,5.782,2,29.646,0.257,6,"d,b"
0,0.072,80.179,9.414,0,29.878,2.231,6,"c,b"
83,3.135,55.494,9.635,1,29.895,1.004,6,"c,a,b"
80,2.525,69.814,9.498,0,29.959,0.314,6,"d,b"
762,5.629,65.039,7.221,0,30.133,4.367,6,a
255,6.389,78.913,6.911,0,30.194,2.819,6,"c,a,b"
752,6.228,75.696,5.065,2,31.021,4.895,6,b
472,1.598,55.655,8.9,2,31.143,0.775,6,"b,c"
448,5.314,86.261,6.561,1,31.992,3.45,6,"c,b"
548,3.402,69.202,10.832,0,32.116,6.005,6,"b,c"
332,9.716,68.383,3.98,1,32.355,4.343,6,d
639,10.066,64.12,4.252,2,33.606,3.144,6,a
27,,,11.008,0,33.722,0.661,6,b
540,6.372,72.873,9.036,0,33.832,5.085,6,c
61,6.509,87.019,8.775,1,34.607,6.48,6,a
497,1.219,88.294,6.957,3,34.811,1.555,6,"a,b"
439,6.657,68.719,6.339,3,34.834,0.881,6,"c,a,b,d"
129,4.835,75.773,10.219,0,34.847,1.66,6,"b,d,c,a"
970,9.721,71.279,8.951,1,34.892,1.009,6,c
503,3.89,68.096,8.054,1,35.143,6.245,6,"c,a"
481,4.043,75.81,12.354,0,35.524,2.198,6,"d,c"
240,4.539,77.343,10.655,0,35.683,4.459,6,"c,a,d"
550,1.963,72.115,9.564,2,35.764,6.931,6,d
119,6.039,83.635,8.6,2,35.889,1.169,6,b
218,2.47,85.029,9.148,1,36.176,2.274,6,"b,d,a"
636,8.919,78.254,7.259,1,36.475,3.535,6,b
551,5.54,69.833,6.045,4,36.684,0.056,6,"a,c"
395,9.783,58.898,7.452,1,36.829,6.134,6,"d,a,c"
582,9.555,66.702,6.236,2,37.121,6.15,6,"a,c,b"
953,6.549,89.688,12.268,0,37.299,5.372,6,d
838,9.365,75.097,9.633,0,37.306,3.267,6,"b,a,d,c"
125,2.291,68.649,13.835,0,37.918,5.443,6,"d,a,b"
252,4.151,84.557,6.275,2,38.016,3.82,6,"c,b"
524,5.415,80.406,8.66,2,39.515,0.565,6,"d,a,b,c"
470,4.857,81.519,8.655,0,39.599,3.35,6,"b,c,a"
549,7.839,78.049,10.985,1,39.72,1.097,6,"b,a"
306,6.469,77.162,10.21,0,40.285,3.112,6,"b,c"
673,9.82,91.879,8.123,1,40.446,6.621,6,a
496,3.986,,11.082,3,40.712,8.006,6,c
120,6.461,67.518,12.556,0,41.433,2.849,6,b
577,12.139,66.041,5.717,1,41.574,3.457,6,"a,c"
667,3.374,52.066,7.99,1,41.821,4.174,6,c
994,8.609,77.59,12.736,0,41.834,2.235,6,"b,d"
318,2.804,69.645,10.658,0,41.876,2.195,6,"c,b,a"
180,7.436,64.462,14.857,0,42.296,6.732,6,"b,c"
427,10.361,62.63,5.656,3,42.423,0.903,6,a
820,6.363,70.847,6.607,4,42.664,0.954,6,c
935,7.014,70.758,9.716,0,42.683,3.694,6,"c,b"
610,5.299,82.207,8.923,2,43.412,1.862,6,"b,c,d"
723,3.895,63.483,7.696,4,43.779,7.281,6,"c,b,d"
87,7.204,66.625,5.537,4,43.873,5.456,6,d
616,12.282,78.947,7.583,1,44.242,2.964,6,"c,b,d"
899,5.929,67.5,6.084,5,44.399,1.92,6,"c,a"
689,,74.854,5.133,5,45.451,3.335,6,"a,c,d"
989,7.85,90.778,8.592,3,45.643,0.187,6,"b,d,c,a"
72,8.123,73.801,7.683,3,45.661,1.203,6,b
279,6.09,58.082,12.101,0,47.326,5.76,6,"b,d"
170,2.304,59.457,8.818,0,47.411,4.139,6,d
889,9.502,80.697,7.566,3,47.525,1.191,6,"d,b,a,c"
409,3.605,62.191,10.178,1,47.608,3.066,6,"b,d"
591,9.644,84.473,5.743,4,47.633,3.293,6,b
196,11.197,76.001,6.575,4,47.65,1.976,6,"c,d,b,a"
687,7.821,,8.202,2,47.694,6.384,6,"d,a"
79,7.485,73.492,8.908,2,47.85,2.919,6,"b,d,c"
214,6.871,72.698,12.304,1,48.278,2.242,6,"b,c"
748,3.739,66.871,6.984,4,48.397,1.487,6,"d,b"
274,9.711,61.198,6.249,3,48.438,1.619,6,a
200,1.564,85.594,10.893,0,48.827,4.899,6,"c,b,d,a"
701,5.571,93.209,6.23,4,48.861,2.406,6,d
326,4.71,62.553,12.489,0,49.103,2.928,6,"b,c,a,d"
123,7.261,76.547,12.192,2,49.389,0.775,6,"c,b"
802,4.969,68.191,7.066,4,49.467,2.259,6,"d,c,a,b"
861,7.893,69.592,7.364,5,49.527,0.333,6,"c,b"
4,2.617,87.658,9.706,1,49.768,2.91,6,c
244,3.683,73.731,7.175,4,50.185,2.385,6,b
546,4.512,55.095,9.394,0,50.416,3.612,6,c
222,8.093,83.305,8.624,1,50.54,2.283,6,"a,b,c"
15,11.022,81.74,8.06,3,50.919,1.295,6,a
192,10.135,55.212,7.167,3,51.148,5.139,6,"a,d"
637,8.786,72.598,6.939,4,51.203,2.333,6,"b,d,a"
14,7.037,49.475,7.992,5,51.562,0.66,6,"d,b,c,a"
567,10.692,66.474,7.459,2,51.772,1.872,6,c
875,3.182,86.487,9.488,1,51.806,3.669,6,"b,a,c,d"
507,5.171,70.401,15.508,0,51.948,1.706,6,"d,b"
328,8.195,47.922,8.092,4,51.967,6.179,6,"d,b,c,a"
926,5.415,69.707,11.838,3,52.47,0.904,6,b
868,3.544,56.754,14.661,1,52.728,6.359,6,c
670,6.64,89.257,10.971,2,52.865,6.253,6,"a,d"
679,7.619,81.555,8.218,3,52.971,6.144,6,"d,c"
402,3.989,,11.787,0,53.008,2.922,6,"d,c,a"
74,3.883,73.481,6.384,5,53.113,3.58,6,"b,c,d"
1,5.413,58.359,9.681,2,53.416,1.81,6,"c,b"
394,,81.337,10.674,1,53.778,3.746,6,"c,a"
556,7.81,85.841,11.606,0,54.161,3.691,6,b
547,10.089,59.263,8.542,3,54.497,6.387,6,c
734,8.156,70.899,9.563,1,55.093,3.638,6,"d,a,c"
929,5.703,75.593,11.754,1,55.356,2.416,6,c
225,13.101,92.968,6.821,4,55.365,4.963,6,"d,a"
323,9.851,64.053,9.411,2,55.511,0.252,6,a
391,1.747,60.581,12.417,0,55.899,3.113,6,"c,b"
41,4.63,81.321,8.887,2,56.546,4.783,6,"c,a,d,b"
98,3.811,71.13,8.108,3,56.575,3.83,6,"c,a,d"
700,11.2,74.569,7.755,2,56.898,3.734,6,d
647,4.964,66.685,11.985,1,57.708,3.03,6,"b,c,a,d"
390,9.226,81.843,7.198,4,57.729,4.119,6,"b,c"
284,4.704,62.911,13.551,1,58.51,5.804,6,b
269,4.67,85.214,10.82,2,59.254,2.849,6,"b,d"
576,8.513,78.914,9.344,3,59.308,3.414,6,"b,c"
110,4.778,76.886,11.852,3,60.004,1.716,6,"c,a,d,b"
408,8.499,70.584,10.61,1,60.29,3.12,6,a
54,7.075,89.104,10.577,2,60.381,1.619,6,"a,c,d"
296,5.532,65.965,14.026,0,60.395,3.863,6,"c,d"
473,4.395,,12.64,0,61.114,4.26,6,"d,c,b"
739,11.185,58.887,8.487,5,61.403,6.961,6,"d,b"
833,10.821,67.255,7.737,1,61.919,3.266,6,a
389,2.41,74.724,12.575,1,62.334,2.91,6,b
661,10.018,79.203,10.281,4,62.423,0.353,6,"a,b"
971,8.222,88.666,9.351,3,62.678,1.693,6,"d,c,a"
485,10.91,62.531,10.959,1,63.027,5.123,6,"d,c"
201,7.453,88.125,13.323,1,63.587,5.385,6,"d,b,a"
253,9.541,82.536,7.581,4,63.722,4.003,6,b
823,7.419,77.465,10.269,4,63.981,0.568,6,c
340,9.618,81.09,9.388,2,64.56,4,6,b
111,7.265,73.711,8.505,5,64.702,6.365,6,"c,a,b"
666,7.854,75.75,10.372,3,64.733,2.231,6,"d,b,c"
776,5.053,76.131,11.285,2,65.078,4.306,6,"b,d"
895,4.328,64.76,13.572,1,65.086,5.439,6,"a,c"
949,11.323,61.639,9.978,3,65.218,6.3,6,"d,a"
451,8.572,62.602,8.284,3,67.072,2.697,6,d
410,4.915,59.219,11.242,3,67.507,5.182,6,"c,b"
858,9.683,86.771,8.693,3,68.296,3.887,6,"d,c"
78,11.177,66.415,9.849,4,68.348,1.053,6,"c,a"
84,5.385,84.677,8.683,4,68.505,3.262,6,"b,c,a"
330,9.765,64.058,8.884,3,68.832,4.704,6,"d,b,c"
32,6.534,85.997,8.271,5,69.548,4.994,6,"d,a,c"
608,10.081,74.374,9.029,4,69.625,2.763,6,"b,a"
681,4.209,80.408,13.914,2,70.167,5.696,6,b
258,6.666,73.315,9.194,4,70.3,5.495,6,"d,c,a"
416,3.847,,9.431,5,70.537,5.68,6,"d,c"
91,4.041,59.622,15.457,1,71.315,2.506,6,"b,a,c"
794,3.884,74.296,16.32,0,71.383,5.906,6,"c,a,d,b"
869,9.058,63.06,8.262,3,71.589,3.052,6,d
374,4.458,75.542,12.296,1,71.994,4.071,6,a
194,,65.203,8.992,1,72.087,4.234,6,a
126,7.718,85.706,10.41,2,72.733,3.403,6,"c,b,a"
59,9.532,67.47,12.046,3,74.108,1.217,6,"b,c,d"
742,6.055,80.986,10.94,3,74.108,5.402,6,d
376,6.194,61.334,10.106,5,74.672,1.789,6,"b,d,c"
854,5.341,66.236,10.014,5,74.834,5.822,6,"c,b,d"
697,10.975,64.604,11.153,3,75.379,1.965,6,"b,d,a"
135,1.741,84.067,15.39,2,75.536,2.79,6,"c,a,d"
807,7.352,72.373,12.173,3,76.708,6.412,6,"a,c,b"
316,6.552,67.571,13.569,2,77.14,1.107,6,"d,b"
356,5.369,76.401,18.311,1,77.373,2.91,6,c
533,5.568,63.548,9.954,3,77.402,4.059,6,"b,c"
787,8.371,75.371,11.728,2,78.37,4.903,6,"c,d,a,b"
365,7.474,64.072,10.29,5,79.934,2.869,6,"b,c,a,d"
254,10.86,66.16,9.989,4,81.418,3.107,6,"b,d,c,a"
864,,,16.409,2,83.831,2.543,6,c
48,9.241,77.859,12.67,4,85.003,1.222,6,"b,c"
455,2.757,74.451,14.813,3,85.155,2.76,6,"b,d,c"
668,9.339,74.686,10.233,4,86.466,4.04,6,"d,c"
768,7.06,80.748,12.375,4,86.596,6.626,6,"d,b"
722,8.912,67.004,12.736,3,87.235,2.113,6,"a,d,b"
57,6.187,89.391,10.434,4,88.671,4.346,6,a
731,11.2,78.38,10.418,5,90.695,4.925,6,d
187,12.797,81.108,10.306,5,92.937,3.78,6,"c,d"
60,3.512,77.724,16.169,2,93.522,4.47,6,"b,c"
744,11.511,66.432,12.033,3,93.824,1.898,6,a
67,,81.414,12.129,3,94.051,3.661,6,"a,b"
535,7.526,67.637,13.208,3,96.448,3.086,6,"a,c"
352,7.627,74.674,11.326,4,97.504,4.271,6,"b,d,a,c"
454,9.524,73.999,11.618,5,98.047,2.574,6,b
614,6.379,94.132,11.571,5,98.673,2.891,6,"c,b"
490,6.98,82.727,11.264,5,101.09,3.5,6,"d,c,b"
392,,58.218,11.859,4,103.673,4.005,6,"c,b,a"
773,10.07,67.905,11.567,4,104.343,2.339,6,a
104,7.679,,13.489,5,106.421,1.974,6,a